strategy,measure_sec,entry_idx,min_range,total_pnl,trades,win_rate,profit_factor,sharpe,max_drawdown,avg_outcome
confirmation,150,120,0.0003,2394148.376731263,5341,0.7346938775510204,2.686217104768063,58.39606924608541,-0.10278864225455175,0.7346938775510204
chop_only,150,120,0.0003,2394148.376731263,5341,0.7346938775510204,2.686217104768063,58.39606924608541,-0.10278864225455175,0.7346938775510204
chop_only,150,150,0.0003,2392355.5901648244,5341,0.7346938775510204,2.684954431408754,58.38922114599425,-0.10281331439455998,0.7346938775510204
confirmation,150,150,0.0003,2392355.5901648244,5341,0.7346938775510204,2.684954431408754,58.38922114599425,-0.10281331439455998,0.7346938775510204
confirmation,150,180,0.0003,2389736.120595329,5341,0.7346938775510204,2.683109518855957,58.38116713827094,-0.10284865243109598,0.7346938775510204
chop_only,150,180,0.0003,2389736.120595329,5341,0.7346938775510204,2.683109518855957,58.38116713827094,-0.10284865243109598,0.7346938775510204
chop_only,150,210,0.0003,2387035.3447207,5341,0.7346938775510204,2.681207341647469,58.37175012617813,-0.10289792353568927,0.7346938775510204
confirmation,150,210,0.0003,2387035.3447207,5341,0.7346938775510204,2.681207341647469,58.37175012617813,-0.10289792353568927,0.7346938775510204
all_patterns,150,120,0.0003,2312088.060586115,4786,0.7524028416213957,2.947234695660249,60.07935838278414,-0.09929087026078787,0.7524028416213957
all_patterns,150,120,0.0004,2312088.060586115,4786,0.7524028416213957,2.947234695660249,60.07935838278414,-0.09929087026078787,0.7524028416213957
all_patterns,150,120,0.0005,2312088.060586115,4786,0.7524028416213957,2.947234695660249,60.07935838278414,-0.09929087026078787,0.7524028416213957
all_patterns,150,120,0.0006,2312088.060586115,4786,0.7524028416213957,2.947234695660249,60.07935838278414,-0.09929087026078787,0.7524028416213957
all_patterns,150,150,0.0003,2310278.978586363,4786,0.7524028416213957,2.945711091392201,60.073069614858156,-0.09931375131121556,0.7524028416213957
all_patterns,150,150,0.0004,2310278.978586363,4786,0.7524028416213957,2.945711091392201,60.073069614858156,-0.09931375131121556,0.7524028416213957
all_patterns,150,150,0.0005,2310278.978586363,4786,0.7524028416213957,2.945711091392201,60.073069614858156,-0.09931375131121556,0.7524028416213957
all_patterns,150,150,0.0006,2310278.978586363,4786,0.7524028416213957,2.945711091392201,60.073069614858156,-0.09931375131121556,0.7524028416213957
all_patterns,150,180,0.0003,2307772.7025288027,4786,0.7524028416213957,2.943600312058419,60.06717224873886,-0.09934754372931154,0.7524028416213957
all_patterns,150,180,0.0004,2307772.7025288027,4786,0.7524028416213957,2.943600312058419,60.06717224873886,-0.09934754372931154,0.7524028416213957
all_patterns,150,180,0.0005,2307772.7025288027,4786,0.7524028416213957,2.943600312058419,60.06717224873886,-0.09934754372931154,0.7524028416213957
all_patterns,150,180,0.0006,2307772.7025288027,4786,0.7524028416213957,2.943600312058419,60.06717224873886,-0.09934754372931154,0.7524028416213957
all_patterns,150,210,0.0003,2305153.937582171,4786,0.7524028416213957,2.9413947948677874,60.059794655510295,-0.09939339393736235,0.7524028416213957
all_patterns,150,210,0.0004,2305153.937582171,4786,0.7524028416213957,2.9413947948677874,60.059794655510295,-0.09939339393736235,0.7524028416213957
all_patterns,150,210,0.0005,2305153.937582171,4786,0.7524028416213957,2.9413947948677874,60.059794655510295,-0.09939339393736235,0.7524028416213957
all_patterns,150,210,0.0006,2305153.937582171,4786,0.7524028416213957,2.9413947948677874,60.059794655510295,-0.09939339393736235,0.7524028416213957
confirmation,150,120,0.0004,2263299.8880239627,4888,0.7422258592471358,2.7926843836327,60.47993544099055,-0.07081397031400538,0.7422258592471358
chop_only,150,120,0.0004,2263299.8880239627,4888,0.7422258592471358,2.7926843836327,60.47993544099055,-0.07081397031400538,0.7422258592471358
chop_only,150,150,0.0004,2261527.061827157,4888,0.7422258592471358,2.7912801871076525,60.47346258720956,-0.07083117716789711,0.7422258592471358
confirmation,150,150,0.0004,2261527.061827157,4888,0.7422258592471358,2.7912801871076525,60.47346258720956,-0.07083117716789711,0.7422258592471358
confirmation,150,180,0.0004,2259002.718220818,4888,0.7422258592471358,2.789280738697854,60.4678114010938,-0.07085662228571299,0.7422258592471358
chop_only,150,180,0.0004,2259002.718220818,4888,0.7422258592471358,2.789280738697854,60.4678114010938,-0.07085662228571299,0.7422258592471358
chop_only,150,210,0.0004,2256403.4329115576,4888,0.7422258592471358,2.7872219314637006,60.460113089435104,-0.07089110925094755,0.7422258592471358
confirmation,150,210,0.0004,2256403.4329115576,4888,0.7422258592471358,2.7872219314637006,60.460113089435104,-0.07089110925094755,0.7422258592471358
confirmation,150,120,0.0005,2138505.5203387346,4429,0.7523142921652743,2.945521464217173,62.19204413343782,-0.06936422342865745,0.7523142921652743
chop_only,150,120,0.0005,2138505.5203387346,4429,0.7523142921652743,2.945521464217173,62.19204413343782,-0.06936422342865745,0.7523142921652743
chop_only,150,150,0.0005,2136761.273084235,4429,0.7523142921652743,2.9439346221724585,62.18743004016449,-0.06939527179789762,0.7523142921652743
confirmation,150,150,0.0005,2136761.273084235,4429,0.7523142921652743,2.9439346221724585,62.18743004016449,-0.06939527179789762,0.7523142921652743
confirmation,150,180,0.0005,2134397.920034367,4429,0.7523142921652743,2.9417845439789234,62.18833496634767,-0.06945662658379526,0.7523142921652743
chop_only,150,180,0.0005,2134397.920034367,4429,0.7523142921652743,2.9417845439789234,62.18833496634767,-0.06945662658379526,0.7523142921652743
chop_only,150,210,0.0005,2131888.5474445424,4429,0.7523142921652743,2.939501623411826,62.185383794896254,-0.06952122186824838,0.7523142921652743
confirmation,150,210,0.0005,2131888.5474445424,4429,0.7523142921652743,2.939501623411826,62.185383794896254,-0.06952122186824838,0.7523142921652743
confirmation,150,120,0.0006,1921756.2774858745,3912,0.7566462167689162,3.0146223073662224,60.60935086302047,-0.07997212345189109,0.7566462167689162
chop_only,150,120,0.0006,1921756.2774858745,3912,0.7566462167689162,3.0146223073662224,60.60935086302047,-0.07997212345189109,0.7566462167689162
chop_only,150,150,0.0006,1920099.4875398532,3912,0.7566462167689162,3.0128854554964173,60.60478454946944,-0.08000991975145244,0.7566462167689162
confirmation,150,150,0.0006,1920099.4875398532,3912,0.7566462167689162,3.0128854554964173,60.60478454946944,-0.08000991975145244,0.7566462167689162
confirmation,150,180,0.0006,1917913.458771868,3912,0.7566462167689162,3.010593790121296,60.60485668207933,-0.0800797465246249,0.7566462167689162
chop_only,150,180,0.0006,1917913.458771868,3912,0.7566462167689162,3.010593790121296,60.60485668207933,-0.0800797465246249,0.7566462167689162
chop_only,150,210,0.0006,1915543.3786199356,3912,0.7566462167689162,3.0081091793513104,60.60209741343857,-0.08015763449565616,0.7566462167689162
confirmation,150,210,0.0006,1915543.3786199356,3912,0.7566462167689162,3.0081091793513104,60.60209741343857,-0.08015763449565616,0.7566462167689162
confirmation,120,120,0.0003,1642380.7158648234,4759,0.6824963227568817,2.084779954231061,52.67518011381875,-0.10164196606734921,0.6824963227568817
chop_only,120,120,0.0003,1642380.7158648234,4759,0.6824963227568817,2.084779954231061,52.67518011381875,-0.10164196606734921,0.6824963227568817
chop_only,120,150,0.0003,1641136.4273186047,4759,0.6824963227568817,2.083958111122958,52.66628407522873,-0.10165478794934069,0.6824963227568817
confirmation,120,150,0.0003,1641136.4273186047,4759,0.6824963227568817,2.083958111122958,52.66628407522873,-0.10165478794934069,0.6824963227568817
confirmation,120,180,0.0003,1639077.5422509462,4759,0.6824963227568817,2.082598233216522,52.646311139021506,-0.1016523361406445,0.6824963227568817
chop_only,120,180,0.0003,1639077.5422509462,4759,0.6824963227568817,2.082598233216522,52.646311139021506,-0.1016523361406445,0.6824963227568817
chop_only,120,210,0.0003,1636776.1911164226,4759,0.6824963227568817,2.081078208319577,52.629083427453665,-0.10167472509950881,0.6824963227568817
confirmation,120,210,0.0003,1636776.1911164226,4759,0.6824963227568817,2.081078208319577,52.629083427453665,-0.10167472509950881,0.6824963227568817
all_patterns,120,120,0.0003,1591154.3789277566,4191,0.7000715819613458,2.263308211681453,52.52176435435694,-0.10164196606734921,0.7000715819613458
all_patterns,120,120,0.0004,1591154.3789277566,4191,0.7000715819613458,2.263308211681453,52.52176435435694,-0.10164196606734921,0.7000715819613458
all_patterns,120,120,0.0005,1591154.3789277566,4191,0.7000715819613458,2.263308211681453,52.52176435435694,-0.10164196606734921,0.7000715819613458
all_patterns,120,120,0.0006,1591154.3789277566,4191,0.7000715819613458,2.263308211681453,52.52176435435694,-0.10164196606734921,0.7000715819613458
all_patterns,120,150,0.0003,1589961.9752232758,4191,0.7000715819613458,2.2623614943726515,52.51319815749335,-0.10165478794934069,0.7000715819613458
all_patterns,120,150,0.0004,1589961.9752232758,4191,0.7000715819613458,2.2623614943726515,52.51319815749335,-0.10165478794934069,0.7000715819613458
all_patterns,120,150,0.0005,1589961.9752232758,4191,0.7000715819613458,2.2623614943726515,52.51319815749335,-0.10165478794934069,0.7000715819613458
all_patterns,120,150,0.0006,1589961.9752232758,4191,0.7000715819613458,2.2623614943726515,52.51319815749335,-0.10165478794934069,0.7000715819613458
all_patterns,120,180,0.0006,1588015.167984144,4191,0.7000715819613458,2.2608158130708698,52.49402323245601,-0.1016523361406445,0.7000715819613458
all_patterns,120,180,0.0005,1588015.167984144,4191,0.7000715819613458,2.2608158130708698,52.49402323245601,-0.1016523361406445,0.7000715819613458
all_patterns,120,180,0.0004,1588015.167984144,4191,0.7000715819613458,2.2608158130708698,52.49402323245601,-0.1016523361406445,0.7000715819613458
all_patterns,120,180,0.0003,1588015.167984144,4191,0.7000715819613458,2.2608158130708698,52.49402323245601,-0.1016523361406445,0.7000715819613458
all_patterns,120,210,0.0006,1585812.0868208967,4191,0.7000715819613458,2.2590666612843497,52.47737455925553,-0.10167472509950881,0.7000715819613458
all_patterns,120,210,0.0005,1585812.0868208967,4191,0.7000715819613458,2.2590666612843497,52.47737455925553,-0.10167472509950881,0.7000715819613458
all_patterns,120,210,0.0004,1585812.0868208967,4191,0.7000715819613458,2.2590666612843497,52.47737455925553,-0.10167472509950881,0.7000715819613458
all_patterns,120,210,0.0003,1585812.0868208967,4191,0.7000715819613458,2.2590666612843497,52.47737455925553,-0.10167472509950881,0.7000715819613458
chop_only,120,120,0.0004,1536203.5183671033,4246,0.6910032972209138,2.1685497285665725,51.1456113648626,-0.1349037550052704,0.6910032972209138
confirmation,120,120,0.0004,1536203.5183671033,4246,0.6910032972209138,2.1685497285665725,51.1456113648626,-0.1349037550052704,0.6910032972209138
confirmation,120,150,0.0004,1535010.3669941137,4246,0.6910032972209138,2.1676421296082466,51.13870761605281,-0.13491772116292933,0.6910032972209138
chop_only,120,150,0.0004,1535010.3669941137,4246,0.6910032972209138,2.1676421296082466,51.13870761605281,-0.13491772116292933,0.6910032972209138
chop_only,120,180,0.0004,1533057.9407072635,4246,0.6910032972209138,2.1661569701353875,51.1251521485224,-0.13489132857486485,0.6910032972209138
confirmation,120,180,0.0004,1533057.9407072635,4246,0.6910032972209138,2.1661569701353875,51.1251521485224,-0.13489132857486485,0.6910032972209138
confirmation,120,210,0.0004,1530871.7810908812,4246,0.6910032972209138,2.1644940158485473,51.112502927353994,-0.134912049038589,0.6910032972209138
chop_only,120,210,0.0004,1530871.7810908812,4246,0.6910032972209138,2.1644940158485473,51.112502927353994,-0.134912049038589,0.6910032972209138
chop_only,90,120,0.0003,1441968.9020811752,4567,0.6676155025180643,1.948017602529574,51.059261356234956,-0.10164196606734921,0.6676155025180643
confirmation,90,120,0.0003,1441968.9020811752,4567,0.6676155025180643,1.948017602529574,51.059261356234956,-0.10164196606734921,0.6676155025180643
confirmation,90,150,0.0003,1440872.6953906373,4567,0.6676155025180643,1.9472969051295546,51.050086147461606,-0.10165478794934069,0.6676155025180643
chop_only,90,150,0.0003,1440872.6953906373,4567,0.6676155025180643,1.9472969051295546,51.050086147461606,-0.10165478794934069,0.6676155025180643
chop_only,90,180,0.0003,1438862.3194709525,4567,0.6676155025180643,1.9459751902459597,51.0281304637328,-0.1016523361406445,0.6676155025180643
confirmation,90,180,0.0003,1438862.3194709525,4567,0.6676155025180643,1.9459751902459597,51.0281304637328,-0.1016523361406445,0.6676155025180643
confirmation,90,210,0.0003,1436681.7178664785,4567,0.6676155025180643,1.9445415610586991,51.00929652191695,-0.10167472509950881,0.6676155025180643
chop_only,90,210,0.0003,1436681.7178664785,4567,0.6676155025180643,1.9445415610586991,51.00929652191695,-0.10167472509950881,0.6676155025180643
chop_only,120,120,0.0005,1423278.3995077775,3724,0.7013963480128894,2.2773718745133626,54.4847093218397,-0.0939563391698528,0.7013963480128894
confirmation,120,120,0.0005,1423278.3995077775,3724,0.7013963480128894,2.2773718745133626,54.4847093218397,-0.0939563391698528,0.7013963480128894
confirmation,120,150,0.0005,1422149.774955,3724,0.7013963480128894,2.2763589502245503,54.47854029670658,-0.09398375097134504,0.7013963480128894
chop_only,120,150,0.0005,1422149.774955,3724,0.7013963480128894,2.2763589502245503,54.47854029670658,-0.09398375097134504,0.7013963480128894
chop_only,120,180,0.0005,1420397.0974545397,3724,0.7013963480128894,2.2747859473988545,54.46665783806686,-0.09403199269426477,0.7013963480128894
confirmation,120,180,0.0005,1420397.0974545397,3724,0.7013963480128894,2.2747859473988545,54.46665783806686,-0.09403199269426477,0.7013963480128894
confirmation,120,210,0.0005,1418357.0810051996,3724,0.7013963480128894,2.272955062002973,54.45588186218784,-0.09408812653815812,0.7013963480128894
chop_only,120,210,0.0005,1418357.0810051996,3724,0.7013963480128894,2.272955062002973,54.45588186218784,-0.09408812653815812,0.7013963480128894
all_patterns,90,120,0.0006,1410763.9982040697,3914,0.6903423607562595,2.161673351485205,51.154680712997404,-0.10164196606734921,0.6903423607562595
all_patterns,90,120,0.0005,1410763.9982040697,3914,0.6903423607562595,2.161673351485205,51.154680712997404,-0.10164196606734921,0.6903423607562595
all_patterns,90,120,0.0004,1410763.9982040697,3914,0.6903423607562595,2.161673351485205,51.154680712997404,-0.10164196606734921,0.6903423607562595
all_patterns,90,120,0.0003,1410763.9982040697,3914,0.6903423607562595,2.161673351485205,51.154680712997404,-0.10164196606734921,0.6903423607562595
all_patterns,90,150,0.0006,1409730.4272692818,3914,0.6903423607562595,2.1608222723441575,51.146218890529816,-0.10165478794934069,0.6903423607562595
all_patterns,90,150,0.0005,1409730.4272692818,3914,0.6903423607562595,2.1608222723441575,51.146218890529816,-0.10165478794934069,0.6903423607562595
all_patterns,90,150,0.0004,1409730.4272692818,3914,0.6903423607562595,2.1608222723441575,51.146218890529816,-0.10165478794934069,0.6903423607562595
all_patterns,90,150,0.0003,1409730.4272692818,3914,0.6903423607562595,2.1608222723441575,51.146218890529816,-0.10165478794934069,0.6903423607562595
all_patterns,90,180,0.0006,1407852.8507191872,3914,0.6903423607562595,2.1592762089016593,51.12581972503689,-0.1016523361406445,0.6903423607562595
all_patterns,90,180,0.0005,1407852.8507191872,3914,0.6903423607562595,2.1592762089016593,51.12581972503689,-0.1016523361406445,0.6903423607562595
all_patterns,90,180,0.0004,1407852.8507191872,3914,0.6903423607562595,2.1592762089016593,51.12581972503689,-0.1016523361406445,0.6903423607562595
all_patterns,90,180,0.0003,1407852.8507191872,3914,0.6903423607562595,2.1592762089016593,51.12581972503689,-0.1016523361406445,0.6903423607562595
all_patterns,90,210,0.0006,1405791.2370322715,3914,0.6903423607562595,2.1575786027221735,51.10822424162234,-0.10167472509950881,0.6903423607562595
all_patterns,90,210,0.0005,1405791.2370322715,3914,0.6903423607562595,2.1575786027221735,51.10822424162234,-0.10167472509950881,0.6903423607562595
all_patterns,90,210,0.0004,1405791.2370322715,3914,0.6903423607562595,2.1575786027221735,51.10822424162234,-0.10167472509950881,0.6903423607562595
all_patterns,90,210,0.0003,1405791.2370322715,3914,0.6903423607562595,2.1575786027221735,51.10822424162234,-0.10167472509950881,0.6903423607562595
confirmation,90,120,0.0004,1338000.4099451203,3971,0.6784185343742131,2.045677173409734,49.56603303584621,-0.1349037550052704,0.6784185343742131
chop_only,90,120,0.0004,1338000.4099451203,3971,0.6784185343742131,2.045677173409734,49.56603303584621,-0.1349037550052704,0.6784185343742131
chop_only,90,150,0.0004,1336973.7616234964,3971,0.6784185343742131,2.0448748248401376,49.55896695090244,-0.13491772116292933,0.6784185343742131
confirmation,90,150,0.0004,1336973.7616234964,3971,0.6784185343742131,2.0448748248401376,49.55896695090244,-0.13491772116292933,0.6784185343742131
confirmation,90,180,0.0004,1335096.7956270704,3971,0.6784185343742131,2.0434079340356655,49.543480979967306,-0.13489132857486485,0.6784185343742131
chop_only,90,180,0.0004,1335096.7956270704,3971,0.6784185343742131,2.0434079340356655,49.543480979967306,-0.13489132857486485,0.6784185343742131
chop_only,90,210,0.0004,1333060.370767293,3971,0.6784185343742131,2.041816422571689,49.529331306972324,-0.134912049038589,0.6784185343742131
confirmation,90,210,0.0004,1333060.370767293,3971,0.6784185343742131,2.041816422571689,49.529331306972324,-0.134912049038589,0.6784185343742131
confirmation,120,120,0.0006,1256165.4519393418,3195,0.7070422535211267,2.3393783500726557,52.99170892152481,-0.10172378523095704,0.7070422535211267
chop_only,120,120,0.0006,1256165.4519393418,3195,0.7070422535211267,2.3393783500726557,52.99170892152481,-0.10172378523095704,0.7070422535211267
chop_only,120,150,0.0006,1255096.4762400924,3195,0.7070422535211267,2.338238561594858,52.98503057202002,-0.10174441005998347,0.7070422535211267
confirmation,120,150,0.0006,1255096.4762400924,3195,0.7070422535211267,2.338238561594858,52.98503057202002,-0.10174441005998347,0.7070422535211267
confirmation,120,180,0.0006,1253552.871709155,3195,0.7070422535211267,2.336592703171815,52.97429636011168,-0.10178197863903482,0.7070422535211267
chop_only,120,180,0.0006,1253552.871709155,3195,0.7070422535211267,2.336592703171815,52.97429636011168,-0.10178197863903482,0.7070422535211267
chop_only,120,210,0.0006,1251657.5796249867,3195,0.7070422535211267,2.334571860152546,52.963097075518,-0.10182440711774388,0.7070422535211267
confirmation,120,210,0.0006,1251657.5796249867,3195,0.7070422535211267,2.334571860152546,52.963097075518,-0.10182440711774388,0.7070422535211267
confirmation,90,120,0.0005,1210992.3781469346,3400,0.6882352941176471,2.1401653091429718,52.5255356005422,-0.0939563391698528,0.6882352941176471
chop_only,90,120,0.0005,1210992.3781469346,3400,0.6882352941176471,2.1401653091429718,52.5255356005422,-0.0939563391698528,0.6882352941176471
chop_only,90,150,0.0005,1210040.3245790643,3400,0.6882352941176471,2.1392689381417025,52.51909923519309,-0.09398375097134504,0.6882352941176471
confirmation,90,150,0.0005,1210040.3245790643,3400,0.6882352941176471,2.1392689381417025,52.51909923519309,-0.09398375097134504,0.6882352941176471
confirmation,90,180,0.0005,1208370.7619853467,3400,0.6882352941176471,2.1376970229214662,52.504932306169266,-0.09403199269426477,0.6882352941176471
chop_only,90,180,0.0005,1208370.7619853467,3400,0.6882352941176471,2.1376970229214662,52.504932306169266,-0.09403199269426477,0.6882352941176471
chop_only,90,210,0.0005,1206503.8649352898,3400,0.6882352941176471,2.135939314705769,52.492287779502654,-0.09408812653815812,0.6882352941176471
confirmation,90,210,0.0005,1206503.8649352898,3400,0.6882352941176471,2.135939314705769,52.492287779502654,-0.09408812653815812,0.6882352941176471
confirmation,90,120,0.0006,1044934.5323553728,2872,0.692200557103064,2.1796932519072407,50.794149836431885,-0.10172378523095704,0.692200557103064
chop_only,90,120,0.0006,1044934.5323553728,2872,0.692200557103064,2.1796932519072407,50.794149836431885,-0.10172378523095704,0.692200557103064
chop_only,90,150,0.0006,1044049.7618117551,2872,0.692200557103064,2.1786943779993804,50.78712902864927,-0.10174441005998347,0.692200557103064
confirmation,90,150,0.0006,1044049.7618117551,2872,0.692200557103064,2.1786943779993804,50.78712902864927,-0.10174441005998347,0.692200557103064
confirmation,90,180,0.0006,1042602.9954994018,2872,0.692200557103064,2.1770610312174337,50.77393584567418,-0.10178197863903482,0.692200557103064
chop_only,90,180,0.0006,1042602.9954994018,2872,0.692200557103064,2.1770610312174337,50.77393584567418,-0.10178197863903482,0.692200557103064
chop_only,90,210,0.0006,1040853.3987915828,2872,0.692200557103064,2.175085799883923,50.76014862703487,-0.10182440711774388,0.692200557103064
confirmation,90,210,0.0006,1040853.3987915828,2872,0.692200557103064,2.175085799883923,50.76014862703487,-0.10182440711774388,0.692200557103064
confirmation,60,120,0.0003,776463.0361513509,3374,0.6241849436870184,1.611130291586661,31.504029770562884,-0.2172720761103123,0.6241849436870184
chop_only,60,120,0.0003,776463.0361513509,3374,0.6241849436870184,1.611130291586661,31.504029770562884,-0.2172720761103123,0.6241849436870184
chop_only,60,150,0.0003,775701.0154533205,3374,0.6241849436870184,1.610530528417393,31.490080599682052,-0.21738189599750168,0.6241849436870184
confirmation,60,150,0.0003,775701.0154533205,3374,0.6241849436870184,1.610530528417393,31.490080599682052,-0.21738189599750168,0.6241849436870184
confirmation,60,180,0.0003,774190.1708797693,3374,0.6241849436870184,1.6093413888939556,31.46394463603853,-0.2184747253805991,0.6241849436870184
chop_only,60,180,0.0003,774190.1708797693,3374,0.6241849436870184,1.6093413888939556,31.46394463603853,-0.2184747253805991,0.6241849436870184
chop_only,60,210,0.0003,772642.1176172986,3374,0.6241849436870184,1.6081229635502643,31.440533755599706,-0.2188650257178414,0.6241849436870184
confirmation,60,210,0.0003,772642.1176172986,3374,0.6241849436870184,1.6081229635502643,31.440533755599706,-0.2188650257178414,0.6241849436870184
all_patterns,60,120,0.0006,744066.2175633206,2602,0.652574942352037,1.8214392206332024,34.55088420711408,-0.1826513528658683,0.652574942352037
all_patterns,60,120,0.0005,744066.2175633206,2602,0.652574942352037,1.8214392206332024,34.55088420711408,-0.1826513528658683,0.652574942352037
all_patterns,60,120,0.0004,744066.2175633206,2602,0.652574942352037,1.8214392206332024,34.55088420711408,-0.1826513528658683,0.652574942352037
all_patterns,60,120,0.0003,744066.2175633206,2602,0.652574942352037,1.8214392206332024,34.55088420711408,-0.1826513528658683,0.652574942352037
all_patterns,60,150,0.0006,743365.6603947615,2602,0.652574942352037,1.8206658148247334,34.53961044548421,-0.18266668368701355,0.652574942352037
all_patterns,60,150,0.0005,743365.6603947615,2602,0.652574942352037,1.8206658148247334,34.53961044548421,-0.18266668368701355,0.652574942352037
all_patterns,60,150,0.0004,743365.6603947615,2602,0.652574942352037,1.8206658148247334,34.53961044548421,-0.18266668368701355,0.652574942352037
all_patterns,60,150,0.0003,743365.6603947615,2602,0.652574942352037,1.8206658148247334,34.53961044548421,-0.18266668368701355,0.652574942352037
all_patterns,60,180,0.0006,742087.2532946389,2602,0.652574942352037,1.819254470367495,34.51835893052926,-0.1827031069416225,0.652574942352037
all_patterns,60,180,0.0005,742087.2532946389,2602,0.652574942352037,1.819254470367495,34.51835893052926,-0.1827031069416225,0.652574942352037
all_patterns,60,180,0.0004,742087.2532946389,2602,0.652574942352037,1.819254470367495,34.51835893052926,-0.1827031069416225,0.652574942352037
all_patterns,60,180,0.0003,742087.2532946389,2602,0.652574942352037,1.819254470367495,34.51835893052926,-0.1827031069416225,0.652574942352037
all_patterns,60,210,0.0006,740740.7324048666,2602,0.652574942352037,1.817767929191248,34.499214593573996,-0.18266315800373478,0.652574942352037
all_patterns,60,210,0.0005,740740.7324048666,2602,0.652574942352037,1.817767929191248,34.499214593573996,-0.18266315800373478,0.652574942352037
all_patterns,60,210,0.0004,740740.7324048666,2602,0.652574942352037,1.817767929191248,34.499214593573996,-0.18266315800373478,0.652574942352037
all_patterns,60,210,0.0003,740740.7324048666,2602,0.652574942352037,1.817767929191248,34.499214593573996,-0.18266315800373478,0.652574942352037
confirmation,60,120,0.0004,673314.0255794862,2791,0.629881762809029,1.6505034708699589,32.3425845777973,-0.19132045650005358,0.629881762809029
chop_only,60,120,0.0004,673314.0255794862,2791,0.629881762809029,1.6505034708699589,32.3425845777973,-0.19132045650005358,0.629881762809029
chop_only,60,150,0.0004,672635.8414883103,2791,0.629881762809029,1.6498482623217374,32.329832911450616,-0.19131792672806813,0.629881762809029
confirmation,60,150,0.0004,672635.8414883103,2791,0.629881762809029,1.6498482623217374,32.329832911450616,-0.19131792672806813,0.629881762809029
confirmation,60,180,0.0004,671281.2672021558,2791,0.629881762809029,1.6485395783478125,32.304261937519605,-0.1929252172711805,0.629881762809029
chop_only,60,180,0.0004,671281.2672021558,2791,0.629881762809029,1.6485395783478125,32.304261937519605,-0.1929252172711805,0.629881762809029
chop_only,60,210,0.0004,669905.1530333332,2791,0.629881762809029,1.6472100842200716,32.28088004806287,-0.19321021791606996,0.629881762809029
confirmation,60,210,0.0004,669905.1530333332,2791,0.629881762809029,1.6472100842200716,32.28088004806287,-0.19321021791606996,0.629881762809029
confirmation,60,120,0.0005,616430.643533016,2286,0.6443569553805775,1.7567038659863725,31.61444533634485,-0.22682814312618982,0.6443569553805775
chop_only,60,120,0.0005,616430.643533016,2286,0.6443569553805775,1.7567038659863725,31.61444533634485,-0.22682814312618982,0.6443569553805775
chop_only,60,150,0.0005,615840.4551159581,2286,0.6443569553805775,1.755979375954068,31.60352409786507,-0.22698285777705807,0.6443569553805775
confirmation,60,150,0.0005,615840.4551159581,2286,0.6443569553805775,1.755979375954068,31.60352409786507,-0.22698285777705807,0.6443569553805775
confirmation,60,180,0.0005,614636.2407254004,2286,0.6443569553805775,1.7545011339257532,31.580330801106513,-0.2271515931970186,0.6443569553805775
chop_only,60,180,0.0005,614636.2407254004,2286,0.6443569553805775,1.7545011339257532,31.580330801106513,-0.2271515931970186,0.6443569553805775
chop_only,60,210,0.0005,613437.7166147947,2286,0.6443569553805775,1.7530298770414823,31.559866658245202,-0.22731702812365706,0.6443569553805775
confirmation,60,210,0.0005,613437.7166147947,2286,0.6443569553805775,1.7530298770414823,31.559866658245202,-0.22731702812365706,0.6443569553805775
confirmation,60,120,0.0006,534623.6982257937,1802,0.658157602663707,1.866163287428055,31.549025756255215,-0.1826513528658683,0.658157602663707
chop_only,60,120,0.0006,534623.6982257937,1802,0.658157602663707,1.866163287428055,31.549025756255215,-0.1826513528658683,0.658157602663707
chop_only,60,150,0.0006,534105.0088523265,1802,0.658157602663707,1.8653229399193922,31.537978839841045,-0.18266668368701355,0.658157602663707
confirmation,60,150,0.0006,534105.0088523265,1802,0.658157602663707,1.8653229399193922,31.537978839841045,-0.18266668368701355,0.658157602663707
confirmation,60,180,0.0006,533045.0404474497,1802,0.658157602663707,1.8636056465760837,31.513877189024942,-0.1827031069416225,0.658157602663707
chop_only,60,180,0.0006,533045.0404474497,1802,0.658157602663707,1.8636056465760837,31.513877189024942,-0.1827031069416225,0.658157602663707
chop_only,60,210,0.0006,531983.5223839793,1802,0.658157602663707,1.8618858425745575,31.493985446172925,-0.18266315800373478,0.658157602663707
confirmation,60,210,0.0006,531983.5223839793,1802,0.658157602663707,1.8618858425745575,31.493985446172925,-0.18266315800373478,0.658157602663707
